a,add,also,and,another,appears,apply,
before,best,box,button,buttons,
can,change,charts,choose,click,code,collapse,column,complement,coordinated,cover,
design,designs,device,different,document,
each,easier,elements,embed,end,even,example,
fits,focus,footer,for,from,
galleries,graphics,
header,headings,help,
if,in,insert,is,it,
keep,keyword,
layout,left,look,
make,match,matching,
need,new,next,
of,off,on,online,options,or,other,
page,parts,paste,picture,pictures,plus,point,powerful,produced,professionally,prove,provides,
reach,reading,remembers,row,
save,search,show,sidebar,sign,smartart,stop,styles,
table,text,that,the,them,theme,themes,then,time,to,too,type,
up,
video,view,
want,way,when,where,with,word,work,
you,your,