100,
a,about,above,agricultural,an,and,any,as,atop,attempt,
be,been,blaming,book,boys,buildings,but,
came,can,cave,caverns,chalked,closure,coherence,commercial,community,content,courts,covered,cracked,criss,crossed,
declined,deep,describe,dialogue,difficult,door,ducky,
effective,emerged,emotion,entrance,eruption,everything,exercise,explorers,expression,eyes,
faces,fast,fitzhugh,flaking,flooding,focus,follows,footsteps,for,fort,from,
game,gaze,glanced,go,graffiti,ground,guard,
had,hair,hall,has,have,haystack,headed,heels,her,him,hodgepodge,however,
i'm,idea,ignited,in,inception,into,involves,is,isn't,it,its,
judge,just,
labyrinth,later,line,lines,lodging,lonely,long,lot,
made,man,many,medieval,metal,middle,might,miles,moments,more,motor,ms,must,
needn't,needs,not,
of,office,on,one,only,opened,or,originally,out,outline,outpost,
pages,paint,paragraph,parking,passage,pastel,pink,posts,principal,
quavered,quick,
rain,random,rapid,read,remained,restroom,routes,rusting,
saw,say,scene,scenes,screaming,seagrave,seashell,seemed,sentence,sentences,settlement,several,she,shorter,should,shrill,sign,single,skaar's,skidded,smashed,smoothly,sodden,something,sound,stacks,steel,stopped,story,straight,straighten,strange,students,subsequent,subterranean,supply,
tawny,than,that,the,then,there,they,thing,things,this,thread,throaty,to,toward,town,trade,turned,two,
unity,up,
venture,very,voice,
walking,walls,was,weeds,whatever,when,where,wild,windows,with,woman,words,would,write,writing,
you,